City_ID,City,Country,Date,Lat,Lng,Max Temp,Humidity,Cloudiness,Wind Speed
0,Luderitz,NA,2022-02-02 15:20:28,-26.6481,15.1594,69.94,75,18,10.31
1,Cabo San Lucas,MX,2022-02-02 15:20:29,22.8909,-109.9124,69.51,54,40,9.22
2,Avarua,CK,2022-02-02 15:20:29,-21.2078,-159.775,77.05,88,75,10.36
3,Rikitea,PF,2022-02-02 15:20:30,-23.1203,-134.9692,77.5,72,46,6.73
4,Torbay,CA,2022-02-02 15:20:30,47.6666,-52.7314,28.89,81,75,6.91
5,Nikolskoye,RU,2022-02-02 15:20:31,59.7035,30.7861,22.89,99,98,1.72
6,Kavaratti,IN,2022-02-02 15:20:31,10.5669,72.642,80.98,68,5,12.55
7,Bluff,NZ,2022-02-02 15:20:31,-46.6,168.3333,56.8,87,100,18.52
8,Corumba,BR,2022-02-02 15:20:32,-19.0092,-57.6533,89.31,66,75,8.05
9,Huarmey,PE,2022-02-02 15:20:32,-10.0681,-78.1522,74.62,73,97,10.25
10,Talnakh,RU,2022-02-02 15:20:33,69.4865,88.3972,-0.8,98,95,6.08
11,Bud,US,2022-02-02 15:20:33,39.447,-86.1758,44.85,97,100,10.33
12,New Norfolk,AU,2022-02-02 15:20:33,-42.7826,147.0587,56.7,61,69,1.99
13,Hithadhoo,MV,2022-02-02 15:20:34,-0.6,73.0833,82.6,70,32,7.25
14,Port Alfred,ZA,2022-02-02 15:20:34,-33.5906,26.891,85.86,61,99,7.85
15,Kodiak,US,2022-02-02 15:20:34,57.79,-152.4072,36.91,87,100,0.0
16,Waingapu,ID,2022-02-02 15:20:35,-9.6567,120.2641,79.16,84,59,7.99
17,Bambous Virieux,MU,2022-02-02 15:20:35,-20.3428,57.7575,81.21,89,75,34.52
18,Ryotsu,JP,2022-02-02 15:20:35,38.0833,138.4333,35.49,82,91,8.63
19,Lompoc,US,2022-02-02 15:20:36,34.6391,-120.4579,47.57,50,0,9.22
20,Tiksi,RU,2022-02-02 15:20:36,71.6872,128.8694,-7.76,100,100,5.79
21,Kaitangata,NZ,2022-02-02 15:20:36,-46.2817,169.8464,61.16,100,100,2.21
22,Pizarro,CO,2022-02-02 15:20:37,4.9533,-77.366,80.98,72,25,2.93
23,Airai,TL,2022-02-02 15:20:37,-8.9266,125.4092,61.07,88,79,2.44
24,Mughal Sarai,IN,2022-02-02 15:20:37,25.3,83.1167,60.87,59,0,7.34
25,Constitucion,CL,2022-02-02 15:20:38,-35.3333,-72.4167,66.24,65,0,7.16
26,Yuli,NG,2022-02-02 15:20:38,9.6989,10.2744,92.59,9,3,5.17
27,Tuktoyaktuk,CA,2022-02-02 15:20:39,69.4541,-133.0374,-27.4,68,40,8.05
28,Flin Flon,CA,2022-02-02 15:20:39,54.7682,-101.865,-25.76,68,0,6.91
29,Victoria,HK,2022-02-02 15:20:37,22.2855,114.1577,61.25,92,100,1.01
30,Leopold,AU,2022-02-02 15:20:39,-38.1833,144.4667,61.57,78,100,5.99
31,Hilo,US,2022-02-02 15:19:42,19.7297,-155.09,67.8,76,100,9.22
32,Albany,US,2022-02-02 15:20:40,42.6001,-73.9662,40.68,79,100,1.99
33,Lebu,CL,2022-02-02 15:20:40,-37.6167,-73.65,65.41,71,37,6.15
34,Nouadhibou,MR,2022-02-02 15:20:41,20.931,-17.0347,82.38,32,4,17.27
35,Mataura,NZ,2022-02-02 15:20:41,-46.1927,168.8643,56.48,99,100,6.26
36,Aklavik,CA,2022-02-02 15:20:41,68.2191,-135.0107,-23.8,76,0,4.61
37,Prince Rupert,CA,2022-02-02 15:20:42,54.3161,-130.3201,37.09,93,100,17.27
38,Asfi,MA,2022-02-02 15:20:42,32.2994,-9.2372,67.75,47,96,9.64
39,Hermanus,ZA,2022-02-02 15:20:42,-34.4187,19.2345,76.8,68,19,24.9
40,Jamestown,US,2022-02-02 15:15:58,42.097,-79.2353,40.59,34,100,13.8
41,Te Anau,NZ,2022-02-02 15:20:43,-45.4167,167.7167,61.68,97,100,3.27
42,Warrington,GB,2022-02-02 15:20:43,53.3925,-2.5802,53.91,82,75,4.0
43,Barras,BR,2022-02-02 15:20:44,-4.2444,-42.2944,92.08,42,26,4.38
44,Am Timan,TD,2022-02-02 15:21:44,11.0297,20.2827,91.78,10,4,5.66
45,Kapaa,US,2022-02-02 15:21:44,22.0752,-159.319,70.12,70,75,1.01
46,Ucluelet,CA,2022-02-02 15:21:45,48.9329,-125.5528,41.09,82,100,1.99
47,Ushuaia,AR,2022-02-02 15:21:45,-54.8,-68.3,49.62,65,75,25.32
48,Nanortalik,GL,2022-02-02 15:21:45,60.1432,-45.2371,5.36,79,6,16.91
49,Castro,BR,2022-02-02 15:21:46,-24.7911,-50.0119,75.2,67,89,4.7
50,Half Moon Bay,US,2022-02-02 15:21:46,37.4636,-122.4286,56.3,38,0,4.0
51,Berekum,GH,2022-02-02 15:21:46,7.4534,-2.584,96.69,7,10,4.47
52,Waipawa,NZ,2022-02-02 15:21:47,-41.4122,175.5153,65.44,76,99,14.47
53,Hasaki,JP,2022-02-02 15:21:47,35.7333,140.8333,28.8,34,1,3.78
54,Leningradskiy,RU,2022-02-02 15:21:47,69.3833,178.4167,-13.23,96,36,10.69
55,Gataia,RO,2022-02-02 15:21:48,45.4311,21.43,37.08,97,100,6.87
56,Lagoa,PT,2022-02-02 15:21:48,39.05,-27.9833,58.5,71,1,12.15
57,Tasiilaq,GL,2022-02-02 15:21:48,65.6145,-37.6368,14.16,80,100,6.17
58,Alofi,NU,2022-02-02 15:21:49,-19.0595,-169.9187,73.29,94,95,2.3
59,Busselton,AU,2022-02-02 15:21:49,-33.65,115.3333,73.04,41,99,20.18
60,Sechura,PE,2022-02-02 15:21:50,-5.5569,-80.8222,78.33,56,3,9.66
61,Qaanaaq,GL,2022-02-02 15:21:50,77.484,-69.3632,-23.55,65,32,8.59
62,Cidreira,BR,2022-02-02 15:21:50,-30.1811,-50.2056,79.88,70,3,12.84
63,Mahebourg,MU,2022-02-02 15:21:51,-20.4081,57.7,81.25,89,75,34.52
64,Saskylakh,RU,2022-02-02 15:21:51,71.9167,114.0833,-28.37,100,35,2.86
65,Mangai,CD,2022-02-02 15:21:51,-4.05,19.5333,76.1,88,99,2.51
66,Narsaq,GL,2022-02-02 15:21:52,60.9167,-46.05,5.22,67,0,5.59
67,Dikson,RU,2022-02-02 15:21:52,73.5069,80.5464,-4.83,97,98,13.53
68,Ilulissat,GL,2022-02-02 15:21:53,69.2167,-51.1,5.02,72,75,20.71
69,Walvis Bay,NA,2022-02-02 15:21:53,-22.9575,14.5053,77.95,50,0,17.27
70,Punta Arenas,CL,2022-02-02 15:21:53,-53.15,-70.9167,50.11,71,75,6.91
71,Upernavik,GL,2022-02-02 15:18:09,72.7868,-56.1549,-7.96,64,100,4.97
72,Zhangye,CN,2022-02-02 15:21:54,38.9342,100.4517,24.6,34,78,2.95
73,Chokurdakh,RU,2022-02-02 15:21:54,70.6333,147.9167,-14.33,99,84,7.2
74,Ust-Omchug,RU,2022-02-02 15:21:54,61.15,149.6333,-20.72,99,42,3.87
75,Kavieng,PG,2022-02-02 15:21:55,-2.5744,150.7967,79.97,81,100,11.61
76,Mehran,IR,2022-02-02 15:21:55,33.1222,46.1646,56.68,38,1,8.32
77,Bredasdorp,ZA,2022-02-02 15:21:55,-34.5322,20.0403,79.92,54,35,12.66
78,Rio Gallegos,AR,2022-02-02 15:21:56,-51.6226,-69.2181,53.65,62,75,11.5
79,Mar Del Plata,AR,2022-02-02 15:18:50,-38.0023,-57.5575,84.22,45,0,11.5
80,Muros,ES,2022-02-02 15:21:56,42.7762,-9.0603,68.68,51,5,3.4
81,Santa Maria,BR,2022-02-02 15:21:57,-29.6842,-53.8069,87.1,58,20,5.75
82,Yar-Sale,RU,2022-02-02 15:21:57,66.8333,70.8333,-10.46,95,95,10.09
83,Guozhen,CN,2022-02-02 15:21:58,34.3659,107.359,30.92,83,45,1.16
84,Atuona,PF,2022-02-02 15:21:58,-9.8,-139.0333,78.19,78,82,17.52
85,Marawi,PH,2022-02-02 15:21:58,7.9986,124.2928,68.65,94,100,1.05
86,Derbent,RU,2022-02-02 15:21:29,42.0678,48.2899,42.28,85,5,10.16
87,Vaini,TO,2022-02-02 15:21:59,-21.2,-175.2,73.56,94,40,3.44
88,Umea,SE,2022-02-02 15:22:59,63.8284,20.2597,17.53,86,100,6.91
89,Ostrovnoy,RU,2022-02-02 15:23:00,68.0531,39.5131,20.46,87,100,15.52
90,Vao,NC,2022-02-02 15:23:00,-22.6667,167.4833,77.76,84,50,18.52
91,Saint-Philippe,RE,2022-02-02 15:23:00,-21.3585,55.7679,81.95,94,100,28.92
92,Wanxian,CN,2022-02-02 15:23:01,30.8039,108.3897,44.02,73,99,2.71
93,Iqaluit,CA,2022-02-02 15:23:01,63.7506,-68.5145,4.73,77,100,18.01
94,Abu Kamal,SY,2022-02-02 15:23:01,34.4506,40.9171,57.43,38,15,11.3
95,Hobyo,SO,2022-02-02 15:23:02,5.3505,48.5268,78.33,74,10,17.96
96,Yablochnyy,RU,2022-02-02 15:23:02,47.1661,142.0661,-5.85,84,100,9.86
97,Vila Franca Do Campo,PT,2022-02-02 15:23:03,37.7167,-25.4333,65.19,68,26,9.6
98,Kamenka,RU,2022-02-02 15:23:03,51.3223,42.7678,32.76,99,100,8.23
99,Cape Town,ZA,2022-02-02 15:23:04,-33.9258,18.4232,73.11,87,75,1.99
100,Ngunguru,NZ,2022-02-02 15:23:04,-35.6167,174.5,70.16,87,100,12.12
101,Kahului,US,2022-02-02 15:23:04,20.8947,-156.47,68.68,79,0,3.44
102,Sol-Iletsk,RU,2022-02-02 15:23:05,51.1631,54.9918,31.87,89,100,8.43
103,Port Hardy,CA,2022-02-02 15:23:05,50.6996,-127.4199,41.76,93,100,4.61
104,Derzhavinsk,KZ,2022-02-02 15:23:05,51.1,66.3167,8.94,91,100,4.56
105,Naifaru,MV,2022-02-02 15:21:15,5.4444,73.3657,82.72,69,3,10.87
106,Hobart,AU,2022-02-02 15:20:35,-42.8794,147.3294,57.06,71,100,5.75
107,Safaga,EG,2022-02-02 15:23:06,26.7292,33.9365,66.97,52,3,7.4
108,Killarney,IE,2022-02-02 15:23:06,52.05,-9.5167,51.85,76,100,10.36
109,Bengkulu,ID,2022-02-02 15:23:07,-3.8004,102.2655,77.22,85,94,5.7
110,Sibolga,ID,2022-02-02 15:23:07,1.7427,98.7792,78.17,83,100,2.77
111,Mandalgovi,MN,2022-02-02 15:23:07,45.7625,106.2708,1.53,71,0,10.74
112,Portobelo,PA,2022-02-02 15:23:08,9.55,-79.65,85.62,63,27,8.66
113,Severo-Kurilsk,RU,2022-02-02 15:23:08,50.6789,156.125,27.25,86,96,8.46
114,Caceres,ES,2022-02-02 15:23:08,39.522,-6.3748,64.8,41,1,2.42
115,Sitka,US,2022-02-02 15:23:09,57.0531,-135.33,33.69,86,100,4.61
116,Humaita,BR,2022-02-02 15:23:09,-7.5061,-63.0208,80.69,81,100,0.78
117,Touros,BR,2022-02-02 15:23:09,-5.1989,-35.4608,90.5,58,89,11.48
118,Araouane,ML,2022-02-02 15:21:09,18.9048,-3.5265,80.71,8,0,17.67
119,Abha,SA,2022-02-02 15:23:10,18.2164,42.5053,64.22,68,0,11.5
120,Comodoro Rivadavia,AR,2022-02-02 15:23:10,-45.8667,-67.5,75.06,31,0,12.66
121,Orange Walk,BZ,2022-02-02 15:23:11,17.8333,-88.8333,80.46,81,95,6.06
122,Wilmington,US,2022-02-02 15:19:47,34.2257,-77.9447,52.95,73,0,0.0
123,Fukagawa,JP,2022-02-02 15:23:11,43.7081,142.0392,15.78,96,100,3.71
124,Southbridge,US,2022-02-02 15:23:12,42.0751,-72.0334,38.57,88,100,3.0
125,Morondava,MG,2022-02-02 15:23:12,-20.2833,44.2833,84.99,73,67,12.86
126,Kirakira,SB,2022-02-02 15:23:12,-10.4544,161.9205,79.81,86,100,8.37
127,Leh,IN,2022-02-02 15:23:13,34.1667,77.5833,12.02,95,100,1.92
128,Menomonie,US,2022-02-02 15:20:27,44.8755,-91.9193,2.44,66,100,8.05
129,Shahreza,IR,2022-02-02 15:23:13,32.0339,51.8794,42.17,38,0,2.1
130,Luwuk,ID,2022-02-02 15:23:14,-0.9516,122.7875,78.33,78,100,4.41
131,Natal,BR,2022-02-02 15:23:14,-5.795,-35.2094,90.25,66,40,17.27
132,Yellowknife,CA,2022-02-02 15:22:38,62.456,-114.3525,-34.71,77,20,4.61
133,Barrow,US,2022-02-02 15:19:48,71.2906,-156.7887,-20.18,76,0,8.05
134,Thompson,CA,2022-02-02 15:24:15,55.7435,-97.8558,-27.24,68,0,13.8
135,Murdochville,CA,2022-02-02 15:24:15,48.9583,-65.5006,16.68,82,100,13.02
136,Dali,CN,2022-02-02 15:24:15,25.7,100.1833,39.92,87,23,5.86
137,Punta Alta,AR,2022-02-02 15:23:38,-38.8759,-62.0736,88.2,32,100,18.01
138,Santa Rosa,PH,2022-02-02 15:24:16,14.3122,121.1114,80.58,75,99,11.36
139,Sola,VU,2022-02-02 15:24:16,-13.8833,167.55,74.07,100,75,0.0
140,Mount Gambier,AU,2022-02-02 15:24:17,-37.8333,140.7667,55.31,88,100,8.05
141,Big Rapids,US,2022-02-02 15:24:17,43.6981,-85.4837,26.04,71,100,6.91
142,Nador,MA,2022-02-02 15:24:17,35.174,-2.9287,68.07,72,0,8.05
143,Butaritari,KI,2022-02-02 15:24:18,3.0707,172.7902,80.92,82,89,16.71
144,Khatanga,RU,2022-02-02 15:24:18,71.9667,102.5,-38.96,99,60,1.61
145,Puerto Baquerizo Moreno,EC,2022-02-02 15:24:18,-0.9,-89.6,79.79,74,20,14.97
146,Ferrandina,IT,2022-02-02 15:24:19,40.5012,16.4547,50.07,46,0,15.46
147,Springdale,US,2022-02-02 15:20:11,36.1867,-94.1288,31.73,97,100,13.0
148,Winnemucca,US,2022-02-02 15:24:19,40.973,-117.7357,23.11,68,20,4.61
149,Havre-Saint-Pierre,CA,2022-02-02 15:24:20,50.2334,-63.5986,23.36,74,100,12.66
150,Mezen,RU,2022-02-02 15:24:20,65.8522,44.24,13.44,96,100,5.35
151,Jales,BR,2022-02-02 15:24:21,-20.2689,-50.5458,75.65,81,100,7.16
152,Kpandae,GH,2022-02-02 15:24:21,8.4689,-0.0113,95.81,7,62,2.17
153,Portland,US,2022-02-02 15:19:41,45.5234,-122.6762,42.24,94,100,4.0
154,Adre,TD,2022-02-02 15:24:21,13.4667,22.2,84.13,13,0,13.8
155,Pangkalanbuun,ID,2022-02-02 15:24:22,-2.6833,111.6167,74.88,96,100,1.28
156,Mugumu,TZ,2022-02-02 15:24:22,-1.85,34.7,68.99,74,97,1.16
157,Puerto Ayora,EC,2022-02-02 15:24:23,-0.7393,-90.3518,80.56,90,54,5.99
158,Naze,JP,2022-02-02 15:24:23,28.3667,129.4833,56.16,86,100,16.96
159,Tilichiki,RU,2022-02-02 15:24:23,60.4667,166.1,9.93,85,100,11.9
160,Carnarvon,AU,2022-02-02 15:24:24,-24.8667,113.6333,80.67,74,75,12.66
161,Flinders,AU,2022-02-02 15:24:24,-34.5833,150.8552,66.2,77,100,10.0
162,Samarai,PG,2022-02-02 15:23:11,-10.6167,150.6667,79.74,83,100,11.01
163,Tomatlan,MX,2022-02-02 15:24:25,19.9333,-105.25,66.97,39,0,2.51
164,Rawah,IQ,2022-02-02 15:24:25,34.4816,41.9093,54.73,43,4,7.14
165,Tuatapere,NZ,2022-02-02 15:24:25,-46.1333,167.6833,56.82,97,100,8.66
166,Promyshlennaya,RU,2022-02-02 15:24:26,54.9159,85.6385,14.95,99,91,1.28
167,High Level,CA,2022-02-02 15:24:26,58.5169,-117.136,-34.49,67,20,2.3
168,Viedma,AR,2022-02-02 15:24:27,-40.8135,-62.9967,85.71,29,100,7.2
169,Savannah Bight,HN,2022-02-02 15:24:27,16.45,-85.85,80.65,72,0,20.92
170,Sorong,ID,2022-02-02 15:24:27,-0.8833,131.25,79.05,83,85,2.64
171,Beringovskiy,RU,2022-02-02 15:24:28,63.05,179.3167,-3.84,88,45,19.26
172,Illapel,CL,2022-02-02 15:24:28,-31.6308,-71.1653,75.43,57,2,7.25
173,Norman Wells,CA,2022-02-02 15:24:29,65.282,-126.8329,-34.56,67,75,2.3
174,Lasa,IT,2022-02-02 15:24:29,46.6166,10.7002,46.36,94,100,8.12
175,Baykit,RU,2022-02-02 15:24:29,61.67,96.37,-4.5,100,99,0.98
176,Seminole,US,2022-02-02 15:22:42,28.7086,-81.2081,74.23,64,0,3.0
177,Carutapera,BR,2022-02-02 15:24:30,-1.195,-46.02,79.9,86,99,9.13
178,Grand Gaube,MU,2022-02-02 15:25:30,-20.0064,57.6608,81.37,80,100,21.99
179,Japura,ID,2022-02-02 15:25:30,-0.3167,102.35,75.07,94,73,1.39
180,Cherskiy,RU,2022-02-02 15:25:31,68.75,161.3,-6.84,64,53,3.78
181,Kholodnyy,RU,2022-02-02 15:25:31,62.7167,147.95,-21.41,100,97,3.56
182,Saldanha,ZA,2022-02-02 15:25:31,-33.0117,17.9442,68.05,81,100,12.88
183,Arman,RU,2022-02-02 15:25:32,59.7,150.1667,1.49,83,84,11.52
184,Chifeng,CN,2022-02-02 15:25:32,42.2683,118.9636,5.85,78,1,3.58
185,Axim,GH,2022-02-02 15:25:17,4.8699,-2.2405,85.73,61,92,12.68
186,Ramjibanpur,IN,2022-02-02 15:25:33,22.8333,87.6167,70.27,36,2,5.3
187,Isiro,CD,2022-02-02 15:25:33,2.7739,27.616,92.05,18,28,2.42
188,Khani,GE,2022-02-02 15:25:34,41.9563,42.9566,45.97,76,99,9.69
189,Mouila,GA,2022-02-02 15:25:34,-1.8685,11.0559,83.03,73,63,5.64
190,Georgetown,MY,2022-02-02 15:22:56,5.4112,100.3354,82.33,87,40,2.3
191,Roscommon,IE,2022-02-02 15:25:34,53.6333,-8.1833,49.82,82,100,9.93
192,Grindavik,IS,2022-02-02 15:25:35,63.8424,-22.4338,32.47,64,75,6.91
193,Tual,ID,2022-02-02 15:25:35,-5.6667,132.75,83.37,69,100,4.52
194,Esterhazy,CA,2022-02-02 15:25:35,50.65,-102.0843,-21.15,98,19,8.88
195,Marrakesh,MA,2022-02-02 15:25:36,31.6315,-8.0083,78.87,17,0,6.91
196,Sungaipenuh,ID,2022-02-02 15:25:36,-2.0833,101.3833,65.55,97,98,2.37
197,Egvekinot,RU,2022-02-02 15:25:36,66.3167,-179.1667,-7.29,80,14,18.84
198,Mehamn,NO,2022-02-02 15:25:37,71.0357,27.8492,15.71,82,95,7.23
199,East London,ZA,2022-02-02 15:25:37,-33.0153,27.9116,90.54,66,0,4.61
200,Kendari,ID,2022-02-02 15:25:37,-3.945,122.4989,76.66,90,98,0.67
201,Jinchang,CN,2022-02-02 15:25:38,38.4953,102.1739,22.37,32,6,5.26
202,Shimoda,JP,2022-02-02 15:25:38,34.6667,138.95,43.59,62,2,20.45
203,La Asuncion,VE,2022-02-02 15:25:39,11.0333,-63.8628,82.13,69,0,16.11
204,Aykhal,RU,2022-02-02 15:25:39,66.0,111.5,-20.78,100,6,2.73
205,Tehuacan,MX,2022-02-02 15:25:39,18.45,-97.3833,66.79,51,0,4.03
206,Bondoukou,CI,2022-02-02 15:25:40,8.0333,-2.8,94.42,7,35,4.54
207,Krasnoselkup,RU,2022-02-02 15:25:40,65.7,82.4667,-21.41,100,100,3.38
208,Itaituba,BR,2022-02-02 15:25:40,-4.2761,-55.9836,86.16,70,75,8.05
209,Londoko,RU,2022-02-02 15:25:41,49.0333,131.9833,-14.78,99,10,3.18
210,Faanui,PF,2022-02-02 15:25:41,-16.4833,-151.75,80.47,76,20,16.02
211,Pangnirtung,CA,2022-02-02 15:25:41,66.1451,-65.7125,3.2,78,100,13.8
212,Westlock,CA,2022-02-02 15:25:42,54.1502,-113.8688,-12.62,98,28,8.7
213,Andrelandia,BR,2022-02-02 15:25:42,-21.7397,-44.3092,73.8,80,99,6.31
214,Sawtell,AU,2022-02-02 15:25:42,-30.3833,153.1,74.19,95,75,16.11
215,Kenora,CA,2022-02-02 15:25:43,49.8167,-94.4337,-16.62,76,0,8.05
216,Mindelo,CV,2022-02-02 15:25:43,16.8901,-24.9804,78.35,61,20,29.93
217,Antalaha,MG,2022-02-02 15:25:43,-14.9003,50.2788,81.3,68,100,7.47
218,Gopamau,IN,2022-02-02 15:25:44,27.55,80.2833,58.08,54,9,4.9
219,Paamiut,GL,2022-02-02 15:25:44,61.994,-49.6678,1.76,77,9,9.28
220,Athabasca,CA,2022-02-02 15:25:45,54.7169,-113.2854,-27.58,99,21,6.38
221,Porto Novo,BJ,2022-02-02 15:25:45,6.4965,2.6036,87.62,33,10,12.66
222,Katsuura,JP,2022-02-02 15:25:45,35.1333,140.3,42.91,54,63,7.83
223,Honningsvag,NO,2022-02-02 15:25:46,70.9821,25.9704,25.79,73,73,5.7
224,Tongliao,CN,2022-02-02 15:22:45,43.6125,122.2653,-3.84,87,3,7.25
225,Tazovskiy,RU,2022-02-02 15:26:46,67.4667,78.7,-17.68,100,50,6.55
226,Vestmanna,FO,2022-02-02 15:26:47,62.1564,-7.1664,36.52,100,75,1.14
227,Lae,PG,2022-02-02 15:26:47,-6.7221,146.9847,74.68,91,100,12.59
228,Ahmadnagar,IN,2022-02-02 15:26:47,19.0833,74.7333,75.87,22,5,2.73
229,Haines Junction,CA,2022-02-02 15:26:48,60.7522,-137.5108,-5.85,77,100,0.0
230,Tigil,RU,2022-02-02 15:26:48,57.8,158.6667,17.08,96,100,0.29
231,Porto Velho,BR,2022-02-02 15:24:28,-8.7619,-63.9039,82.45,74,20,2.3
232,Khandyga,RU,2022-02-02 15:26:48,62.6667,135.6,-40.02,100,53,1.77
233,Cardoso,BR,2022-02-02 15:26:49,-20.0819,-49.9142,73.69,87,100,4.09
234,Provideniya,RU,2022-02-02 15:26:49,64.3833,-173.3,5.83,65,0,21.59
235,Kathu,TH,2022-02-02 15:26:49,7.9178,98.3332,86.7,76,77,4.52
236,Neiafu,TO,2022-02-02 15:26:50,-18.65,-173.9833,79.48,83,20,5.75
237,San Andres,CO,2022-02-02 15:26:50,12.5847,-81.7006,82.42,61,20,9.22
238,Chardara,KZ,2022-02-02 15:26:50,41.2547,67.9692,45.77,45,71,7.38
239,Linxia,CN,2022-02-02 15:26:51,35.6003,103.2064,14.88,83,15,3.96
240,Ajaccio,FR,2022-02-02 15:26:51,42.0,8.9167,59.49,72,0,5.75
241,Vanimo,PG,2022-02-02 15:26:51,-2.6741,141.3028,77.45,85,100,1.14
242,Esperance,AU,2022-02-02 15:26:52,-33.8667,121.9,62.44,68,0,16.93
243,Isla Vista,US,2022-02-02 15:26:52,34.4133,-119.861,52.36,71,0,4.61
244,Talara,PE,2022-02-02 15:26:52,-4.5772,-81.2719,79.56,57,0,17.27
245,Curuguaty,PY,2022-02-02 15:26:53,-24.4694,-55.6945,95.05,34,2,6.53
246,Hellvik,NO,2022-02-02 15:26:53,59.9156,5.781,37.78,86,99,1.01
247,Quatre Cocos,MU,2022-02-02 15:26:53,-20.2078,57.7625,81.09,88,100,41.38
248,Saint George,US,2022-02-02 15:24:31,37.1041,-113.5841,33.44,36,0,8.99
249,Shingu,JP,2022-02-02 15:26:54,33.7333,135.9833,37.9,76,28,6.04
250,Camalu,MX,2022-02-02 15:26:54,30.85,-116.0667,54.46,67,39,2.48
251,Ankazoabo,MG,2022-02-02 15:26:55,-22.2833,44.5167,91.31,32,27,5.35
252,Chuy,UY,2022-02-02 15:26:55,-33.6971,-53.4616,82.17,46,0,7.74
253,Bowen,AU,2022-02-02 15:26:55,-20.0167,148.2333,79.02,80,100,7.87
254,Iberia,US,2022-02-02 15:26:56,29.9502,-91.7507,65.1,100,100,6.91
255,Roald,NO,2022-02-02 15:26:56,62.5833,6.1333,37.0,80,75,21.85
256,Batticaloa,LK,2022-02-02 15:26:56,7.7102,81.6924,77.22,70,3,9.44
257,Bentiu,SS,2022-02-02 15:26:57,9.2333,29.8333,95.02,12,66,6.2
258,Ayorou,NE,2022-02-02 15:26:57,14.7308,0.9174,87.12,7,0,13.11
259,Kenai,US,2022-02-02 15:26:58,60.5544,-151.2583,17.65,90,100,3.44
260,Ixtapa,MX,2022-02-02 15:25:08,20.7,-105.2,66.22,82,0,3.44
261,Conde,BR,2022-02-02 15:26:58,-7.2597,-34.9075,87.26,62,40,11.5
262,Beyneu,KZ,2022-02-02 15:26:58,45.3167,55.2,33.78,87,35,11.83
263,Urbana,US,2022-02-02 15:26:59,40.1106,-88.2073,31.75,83,100,5.01
264,Champasak,LA,2022-02-02 15:26:59,14.75,106.0,75.16,74,59,1.34
265,Lamu,KE,2022-02-02 15:26:59,-2.2717,40.902,80.82,83,100,12.8
266,Fortuna,US,2022-02-02 15:27:00,40.5982,-124.1573,40.12,81,0,1.99
267,Cockburn Town,TC,2022-02-02 15:25:52,21.4612,-71.1419,75.16,73,75,16.11
268,Paita,PE,2022-02-02 15:27:01,-5.0892,-81.1144,79.36,64,5,10.94
269,Sao Joao Da Barra,BR,2022-02-02 15:27:01,-21.6403,-41.0511,84.29,86,100,4.79
270,Longyearbyen,SJ,2022-02-02 15:24:21,78.2186,15.6401,21.04,73,40,8.05
271,Bethel,US,2022-02-02 15:24:49,41.3712,-73.414,41.13,82,100,5.75
272,Port-Cartier,CA,2022-02-02 15:27:09,50.0334,-66.8654,21.74,94,100,8.61
273,Palmer,US,2022-02-02 15:28:03,42.1584,-72.3287,39.02,74,100,3.0
274,Waitati,NZ,2022-02-02 15:28:03,-45.75,170.5667,62.62,98,100,3.06
275,Terney,RU,2022-02-02 15:28:03,45.0503,136.6092,9.12,74,69,10.76
276,Luganville,VU,2022-02-02 15:28:04,-15.5333,167.1667,78.55,87,100,2.89
277,Husavik,IS,2022-02-02 15:28:04,66.0449,-17.3389,22.91,86,100,7.72
278,Minbu,MM,2022-02-02 15:28:04,20.1833,94.8833,69.76,47,1,5.91
279,Belaya Gora,RU,2022-02-02 15:28:05,68.5333,146.4167,-20.38,99,91,5.48
280,Ribeira Grande,PT,2022-02-02 15:28:05,38.5167,-28.7,63.0,67,40,17.27
281,Iralaya,HN,2022-02-02 15:28:06,15.0,-83.2333,80.69,71,4,8.97
282,Anchorage,US,2022-02-02 15:24:24,61.2181,-149.9003,20.64,86,40,0.0
283,Sawakin,SD,2022-02-02 15:28:06,19.1059,37.3321,73.74,62,1,6.38
284,Suileng,CN,2022-02-02 15:28:07,47.25,127.0833,-16.08,100,33,4.65
285,Nizwa,OM,2022-02-02 15:28:07,22.9333,57.5333,73.67,45,0,6.89
286,Havoysund,NO,2022-02-02 15:28:07,70.9963,24.6622,18.48,80,41,9.06
287,Hualmay,PE,2022-02-02 15:28:08,-11.0964,-77.6139,74.52,71,2,10.11
288,Puerto Ayacucho,VE,2022-02-02 15:28:08,5.6639,-67.6236,89.38,41,70,2.1
289,Takoradi,GH,2022-02-02 15:28:08,4.8845,-1.7554,84.61,65,49,13.53
290,Rosarito,MX,2022-02-02 15:28:09,32.3333,-117.0333,51.12,76,0,5.73
291,Port Said,EG,2022-02-02 15:28:09,31.2565,32.2841,63.82,57,100,10.87
292,Arraial Do Cabo,BR,2022-02-02 15:28:10,-22.9661,-42.0278,84.16,70,75,6.91
293,Pimentel,PE,2022-02-02 15:28:10,-6.8367,-79.9342,77.29,61,0,5.75
294,Russellville,US,2022-02-02 15:24:47,35.2784,-93.1338,58.21,93,100,9.22
295,Hofn,IS,2022-02-02 15:28:10,64.2539,-15.2082,30.22,80,40,2.3
296,Mirnyy,RU,2022-02-02 15:28:11,62.5353,113.9611,-27.49,99,18,3.96
297,Gotsu,JP,2022-02-02 15:28:11,35.0,132.2167,40.89,57,44,13.09
298,Mogadishu,SO,2022-02-02 15:28:11,2.0371,45.3438,80.08,79,88,20.2
299,Nieuw Amsterdam,SR,2022-02-02 15:28:12,5.8833,-55.0833,87.82,63,40,9.22
300,Faya,SA,2022-02-02 15:28:12,18.3851,42.4509,64.51,62,49,6.38
301,Omsukchan,RU,2022-02-02 15:28:12,62.5333,155.8,-7.51,98,99,5.68
302,Monduli,TZ,2022-02-02 15:27:13,-3.3,36.45,71.4,64,100,3.31
303,Atar,MR,2022-02-02 15:28:13,20.5169,-13.0499,95.05,14,100,23.02
304,Saint-Leu,RE,2022-02-02 15:28:13,-21.15,55.2833,81.43,90,100,31.79
305,Mount Isa,AU,2022-02-02 15:28:14,-20.7333,139.5,82.17,69,40,1.14
306,Prudentopolis,BR,2022-02-02 15:28:14,-25.2131,-50.9778,82.87,50,72,2.39
307,Sao Miguel Do Araguaia,BR,2022-02-02 15:28:14,-13.275,-50.1628,84.33,66,69,2.86
308,Flint,US,2022-02-02 15:24:48,43.0125,-83.6875,33.82,96,100,3.44
309,Dire Dawa,ET,2022-02-02 15:28:15,9.5931,41.8661,76.03,38,100,13.18
310,San Patricio,US,2022-02-02 15:28:15,28.017,-97.5169,71.55,92,86,6.87
311,Lujan,AR,2022-02-02 15:28:16,-34.5703,-59.105,93.02,51,11,3.0
312,Rizhao,CN,2022-02-02 15:28:16,35.4275,119.4553,31.98,50,100,2.15
313,Lavrentiya,RU,2022-02-02 15:28:17,65.5833,-171.0,-2.78,81,1,15.3
314,Deputatskiy,RU,2022-02-02 15:28:17,69.3,139.9,-11.58,97,100,4.32
315,Ureki,GE,2022-02-02 15:28:17,41.9956,41.7786,55.36,73,100,5.41
316,Hatillo,PR,2022-02-02 15:28:18,18.4863,-66.8254,85.06,71,26,3.0
317,Ambulu,ID,2022-02-02 15:29:18,-8.345,113.6058,77.65,87,95,2.33
318,Valley City,US,2022-02-02 15:29:18,46.9233,-98.0032,-10.21,70,0,16.11
319,Verkh-Suetka,RU,2022-02-02 15:29:19,53.3,80.05,-1.08,100,90,1.39
320,Clyde River,CA,2022-02-02 15:29:19,70.4692,-68.5914,-25.37,75,100,4.61
321,Mabaruma,GY,2022-02-02 15:29:19,8.2,-59.7833,84.2,74,40,6.91
322,Maniwaki,CA,2022-02-02 15:29:20,46.3834,-75.966,30.58,93,100,9.22
323,Port Elizabeth,ZA,2022-02-02 15:29:20,-33.918,25.5701,78.1,83,20,20.71
324,Canto Do Buriti,BR,2022-02-02 15:29:20,-8.11,-42.9444,91.8,37,9,4.85
325,Tondano,ID,2022-02-02 15:29:21,1.3038,124.9112,68.09,94,100,1.86
326,Cookeville,US,2022-02-02 15:29:21,36.1628,-85.5016,51.62,73,40,5.99
327,Ojinaga,MX,2022-02-02 15:28:40,29.5667,-104.4167,57.58,32,100,0.0
328,Kudahuvadhoo,MV,2022-02-02 15:29:22,2.6708,72.8944,82.22,74,4,10.83
329,Gazalkent,UZ,2022-02-02 15:29:22,41.5581,69.7708,39.56,54,100,3.24
330,Severo-Yeniseyskiy,RU,2022-02-02 15:29:22,60.3725,93.0408,5.04,97,99,4.68
331,Acajutla,SV,2022-02-02 15:29:23,13.5928,-89.8275,84.54,58,0,0.98
332,Haukipudas,FI,2022-02-02 15:29:23,65.1765,25.3523,12.25,89,99,4.59
333,Avera,US,2022-02-02 15:29:23,33.194,-82.5271,53.11,78,100,10.27
334,Bereznik,RU,2022-02-02 15:29:24,62.8551,42.7072,16.18,97,100,2.98
335,Okhotsk,RU,2022-02-02 15:29:24,59.3833,143.3,3.33,74,100,17.16
336,Komsomolskiy,UZ,2022-02-02 15:29:25,40.4272,71.7189,38.62,70,100,0.0
337,San Gil,CO,2022-02-02 15:29:25,6.5557,-73.1331,73.08,50,2,0.89
338,Vestmannaeyjar,IS,2022-02-02 15:29:25,63.4427,-20.2734,32.99,93,40,9.22
339,Guerrero Negro,MX,2022-02-02 15:29:26,27.9769,-114.0611,58.77,65,82,10.69
340,Itaberaba,BR,2022-02-02 15:28:01,-12.5275,-40.3069,90.86,39,1,4.47
341,Sarajevo,BA,2022-02-02 15:29:21,43.8486,18.3564,35.51,86,20,1.01
342,Ponta Delgada,PT,2022-02-02 15:29:26,37.7333,-25.6667,65.5,67,40,10.36
343,Adrar,MR,2022-02-02 15:29:27,20.5022,-10.0711,84.31,13,86,18.9
344,Changping,CN,2022-02-02 15:29:27,40.2186,116.2197,22.64,26,0,4.0
345,Nishihara,JP,2022-02-02 15:29:27,26.1842,127.7558,67.28,94,75,13.8
346,Yelizovo,RU,2022-02-02 15:29:28,53.1873,158.3805,30.34,92,100,8.99
347,Soyo,AO,2022-02-02 15:29:28,-6.1349,12.3689,84.25,68,29,11.63
348,Ewa Beach,US,2022-02-02 15:29:29,21.3156,-158.0072,73.35,78,0,8.01
349,Pasni,PK,2022-02-02 15:29:29,25.2631,63.471,73.76,34,0,28.45
350,Salamiyah,SY,2022-02-02 15:29:29,35.0113,37.0532,55.11,50,100,14.81
351,Preobrazheniye,RU,2022-02-02 15:29:30,42.9019,133.9064,14.97,62,5,7.25
352,Sinnamary,GF,2022-02-02 15:29:30,5.3833,-52.95,79.97,81,47,12.28
353,Sao Filipe,CV,2022-02-02 15:29:30,14.8961,-24.4956,75.31,68,0,15.5
354,Rocha,UY,2022-02-02 15:29:31,-34.4833,-54.3333,83.88,36,1,8.19
355,Bathsheba,BB,2022-02-02 15:29:31,13.2167,-59.5167,83.01,69,40,18.41
356,Paredon,MX,2022-02-02 15:29:31,16.0333,-93.8667,79.03,65,0,3.98
357,Corralillo,CU,2022-02-02 15:29:32,22.9819,-80.5856,76.51,66,72,19.04
358,Trincomalee,LK,2022-02-02 15:29:32,8.5711,81.2335,78.3,67,5,11.27
359,Pampas,PE,2022-02-02 15:29:32,-12.4,-74.9,53.47,76,98,5.79
360,Camaqua,BR,2022-02-02 15:29:33,-30.8511,-51.8122,89.46,40,0,7.29
361,Birjand,IR,2022-02-02 15:29:33,32.8663,59.2211,41.47,70,0,4.61
362,Berbera,SO,2022-02-02 15:29:33,10.4396,45.0143,79.38,70,100,10.85
363,Killam,CA,2022-02-02 15:29:34,52.7834,-111.8518,-18.81,76,85,5.75
364,Lynchburg,US,2022-02-02 15:28:36,37.4138,-79.1423,43.93,71,0,3.44
365,Bandipur,NP,2022-02-02 15:30:34,27.9333,84.4167,48.2,68,55,0.78
366,Geraldton,AU,2022-02-02 15:30:35,-28.7667,114.6,93.61,18,66,16.11
367,Aswan,EG,2022-02-02 15:30:35,24.0934,32.907,66.02,30,0,3.24
368,Karratha,AU,2022-02-02 15:30:35,-20.7377,116.8463,82.58,74,100,11.16
369,Brunswick,US,2022-02-02 15:29:38,41.2381,-81.8418,41.5,64,100,10.0
370,Ayr,GB,2022-02-02 15:30:36,55.4627,-4.6339,51.31,96,100,13.96
371,Bilma,NE,2022-02-02 15:30:36,18.6853,12.9164,73.02,11,0,10.11
372,Arrifes,PT,2022-02-02 15:30:37,37.7667,-25.7,62.24,67,40,10.36
373,Maraa,BR,2022-02-02 15:30:37,-1.8333,-65.3667,87.64,62,73,6.62
374,Grand Forks,US,2022-02-02 15:30:37,47.9417,-97.4337,-11.52,69,0,10.36
375,Mut,TR,2022-02-02 15:30:38,36.6439,33.4389,43.0,100,100,7.78
376,Cumbum,IN,2022-02-02 15:30:38,9.7333,77.3,71.17,72,10,3.06
377,Arlit,NE,2022-02-02 15:30:38,18.7369,7.3853,80.58,8,1,11.56
378,Resistencia,AR,2022-02-02 15:30:39,-27.4606,-58.9839,103.08,22,20,8.05
379,Ketchikan,US,2022-02-02 15:30:39,55.3422,-131.6461,37.38,86,100,8.05
380,Tabuk,PH,2022-02-02 15:30:39,17.4189,121.4443,67.5,86,15,4.09
381,Poum,NC,2022-02-02 15:30:40,-20.2333,164.0167,79.39,75,1,12.15
382,Laguna,US,2022-02-02 15:30:40,38.421,-121.4238,53.1,55,0,5.99
383,Esparta,HN,2022-02-02 15:30:41,15.7437,-87.1766,78.94,60,0,3.2
384,Gornopravdinsk,RU,2022-02-02 15:30:41,60.05,69.9,23.41,95,100,10.49
385,General Pico,AR,2022-02-02 15:30:41,-35.6566,-63.7568,85.96,44,100,7.85
386,Galeana,MX,2022-02-02 15:30:42,24.8333,-100.0667,63.55,21,5,6.76
387,Padang,ID,2022-02-02 15:30:42,-0.9492,100.3543,79.34,85,99,3.83
388,Tezu,IN,2022-02-02 15:30:42,27.9167,96.1667,54.64,67,46,4.72
389,Radzyn Podlaski,PL,2022-02-02 15:30:43,51.7833,22.6167,36.25,92,100,17.6
390,Rawson,AR,2022-02-02 15:30:43,-43.3002,-65.1023,76.93,29,99,15.01
391,Pevek,RU,2022-02-02 15:30:44,69.7008,170.3133,-9.13,80,11,3.69
392,Fort Nelson,CA,2022-02-02 15:30:44,58.8053,-122.7002,-22.41,76,75,0.0
393,Shieli,KZ,2022-02-02 15:30:44,44.1667,66.75,26.94,94,39,2.08
394,Sao Jose Da Coroa Grande,BR,2022-02-02 15:30:45,-8.8978,-35.1478,85.69,59,38,9.1
395,Nuuk,GL,2022-02-02 15:30:45,64.1835,-51.7216,9.21,56,40,13.8
396,Liverpool,GB,2022-02-02 15:25:56,53.4106,-2.9779,53.76,84,75,5.99
397,Lithgow,AU,2022-02-02 15:30:46,-33.4833,150.15,53.91,97,100,3.6
398,Skjervoy,NO,2022-02-02 15:30:46,70.0311,20.9714,24.98,70,57,18.54
399,Nhamunda,BR,2022-02-02 15:30:47,-2.1861,-56.7131,85.06,64,76,7.07
400,Isangel,VU,2022-02-02 15:30:47,-19.55,169.2667,75.31,88,40,0.0
401,Durango,MX,2022-02-02 15:27:24,24.8333,-104.8333,50.9,18,15,5.39
402,Lozuvatka,UA,2022-02-02 15:30:47,48.0571,33.2858,34.54,95,100,5.3
403,Taldan,RU,2022-02-02 15:30:48,53.6667,124.8,-3.84,69,24,8.99
404,Dawson,US,2022-02-02 15:30:48,31.7735,-84.4466,62.02,71,100,13.76
405,Susangerd,IR,2022-02-02 15:30:49,31.5608,48.1831,62.62,42,0,6.49
406,Pisco,PE,2022-02-02 15:30:49,-13.7,-76.2167,77.02,68,0,8.05
407,Deer Lake,CA,2022-02-02 15:30:12,49.1667,-57.4316,6.66,72,75,3.44
408,Valdivia,CL,2022-02-02 15:30:49,-39.8142,-73.2459,69.89,48,48,4.29
409,Sandakan,MY,2022-02-02 15:30:50,5.8402,118.1179,80.28,83,20,8.01
410,Hammerfest,NO,2022-02-02 15:30:50,70.6634,23.6821,24.53,73,0,5.75
411,Nambucca Heads,AU,2022-02-02 15:30:50,-30.65,153.0,74.17,96,100,10.87
412,Carthage,TN,2022-02-02 15:31:51,36.8611,10.3316,58.55,78,42,28.34
413,Namatanai,PG,2022-02-02 15:31:51,-3.6667,152.4333,77.54,84,100,4.43
414,Coahuayana,MX,2022-02-02 15:31:51,18.7333,-103.6833,78.28,35,0,1.88
415,Gat,IL,2022-02-02 15:31:52,31.61,34.7642,63.39,60,100,3.74
416,Awbari,LY,2022-02-02 15:31:52,26.5921,12.7805,55.38,28,3,16.53
417,Astoria,US,2022-02-02 15:31:25,46.1879,-123.8313,40.01,95,40,1.01
418,Salacgriva,LV,2022-02-02 15:31:53,57.7536,24.3581,25.9,92,78,6.26
419,Lorca,ES,2022-02-02 15:31:53,37.6712,-1.7017,73.78,30,0,4.59
420,Hamilton,US,2022-02-02 15:31:29,39.1834,-84.5333,44.89,94,100,1.01
421,Ancud,CL,2022-02-02 15:31:52,-41.8697,-73.8203,72.23,75,100,5.3
422,Aktas,KZ,2022-02-02 15:31:54,49.7789,72.9608,5.76,86,100,7.02
423,Calama,CL,2022-02-02 15:31:25,-22.4667,-68.9333,72.14,16,0,14.03
424,Cayenne,GF,2022-02-02 15:30:51,4.9333,-52.3333,82.44,81,100,8.99
425,Matara,LK,2022-02-02 15:28:37,5.9485,80.5353,76.68,78,25,7.76
426,Souillac,MU,2022-02-02 15:31:55,-20.5167,57.5167,81.36,89,75,34.52
427,Broome,US,2022-02-02 15:31:55,42.2506,-75.833,37.62,74,40,3.0
428,Potosi,BO,2022-02-02 15:31:55,-19.5836,-65.7531,47.26,71,75,9.22
429,San Buenaventura,MX,2022-02-02 15:31:56,27.0833,-101.5333,64.47,58,40,0.0
430,Reading,GB,2022-02-02 15:31:56,51.4562,-0.9711,55.44,66,75,4.0
431,Hirara,JP,2022-02-02 15:31:56,24.8,125.2833,71.37,74,99,14.05
432,Mangaratiba,BR,2022-02-02 15:27:24,-22.9597,-44.0406,85.33,85,97,2.57
433,Saint-Francois,FR,2022-02-02 15:31:57,46.4154,3.9054,49.44,88,100,5.75
434,Atasu,KZ,2022-02-02 15:31:57,48.6814,71.6433,11.84,86,100,5.03
435,Grong,NO,2022-02-02 15:31:58,64.4654,12.3149,20.62,91,96,5.7
436,Shaunavon,CA,2022-02-02 15:31:58,49.6501,-108.4181,-15.02,97,94,4.5
437,Haradok,BY,2022-02-02 15:31:58,55.4624,29.9816,24.91,96,100,5.44
438,Verkhnevilyuysk,RU,2022-02-02 15:31:59,63.4453,120.3167,-21.1,98,98,5.3
439,Rock Sound,BS,2022-02-02 15:31:59,24.9,-76.2,73.06,64,21,18.45
440,Chumikan,RU,2022-02-02 15:31:59,54.7183,135.315,-9.35,85,32,12.26
441,Russkiy Kameshkir,RU,2022-02-02 15:32:00,52.8589,46.0892,32.38,98,100,12.03
442,Srednekolymsk,RU,2022-02-02 15:32:00,67.45,153.6833,-18.17,95,89,6.08
443,Santa Isabel Do Rio Negro,BR,2022-02-02 15:32:01,-0.4139,-65.0192,91.15,50,42,5.99
444,Pudozh,RU,2022-02-02 15:32:01,61.8099,36.5345,12.72,98,100,0.96
445,Lovington,US,2022-02-02 15:32:02,32.944,-103.3485,33.03,68,100,5.99
446,Hede,CN,2022-02-02 15:32:02,33.7681,120.2517,35.38,63,100,3.6
447,Tautira,PF,2022-02-02 15:32:03,-17.7333,-149.15,77.02,78,25,18.92
448,Mankono,CI,2022-02-02 15:32:03,8.0586,-6.1897,95.34,8,3,3.67
449,Komyshnya,UA,2022-02-02 15:32:03,50.1859,33.684,21.69,99,100,4.29
450,Smithers,CA,2022-02-02 15:32:04,54.7804,-127.1743,8.92,85,100,11.5
451,Sarab,IR,2022-02-02 15:32:04,38.6066,44.9883,24.64,84,8,4.94
452,Kokstad,ZA,2022-02-02 15:32:05,-30.5472,29.4241,76.03,79,51,4.85
453,Rabo De Peixe,PT,2022-02-02 15:32:05,37.8,-25.5833,63.28,94,40,10.36
454,Gerash,IR,2022-02-02 15:32:05,27.6652,54.1371,59.14,34,0,4.99
455,Dunedin,NZ,2022-02-02 15:32:06,-45.8742,170.5036,61.27,99,100,1.1
456,Hay River,CA,2022-02-02 15:30:12,60.8156,-115.7999,-22.04,76,20,3.44
457,Curillo,CO,2022-02-02 15:33:06,1.0333,-75.9191,86.49,56,88,1.77
458,Auki,SB,2022-02-02 15:33:07,-8.7676,160.7034,78.31,86,100,6.02
459,Makat,KZ,2022-02-02 15:33:07,47.6469,53.3463,30.47,93,36,9.15
460,Terre Haute,US,2022-02-02 15:30:01,39.4667,-87.4139,44.24,94,100,8.05
461,Tyshkivka,UA,2022-02-02 15:33:08,48.4967,30.9423,30.22,91,100,7.18
462,Masalli,KR,2022-02-02 15:33:08,34.7959,126.6553,28.08,63,100,5.97
463,Karaton,ID,2022-02-02 15:33:08,-6.3424,106.1045,81.95,91,81,2.24
464,Gustrow,DE,2022-02-02 15:33:09,53.7972,12.1734,42.98,87,75,11.5
465,Berlevag,NO,2022-02-02 15:33:09,70.8578,29.0864,17.55,93,100,5.75
466,Alberton,CA,2022-02-02 15:33:09,46.8168,-64.0654,21.11,89,96,16.51
467,Maragogi,BR,2022-02-02 15:33:10,-9.0122,-35.2225,85.53,60,25,9.91
468,Sobolevo,RU,2022-02-02 15:33:10,54.4299,31.8996,24.62,96,100,8.19
469,Irbeyskoye,RU,2022-02-02 15:33:10,55.6428,95.4522,-1.08,99,97,0.72
470,Broken Hill,AU,2022-02-02 15:33:11,-31.95,141.4333,62.31,45,0,12.66
471,Ust-Kan,RU,2022-02-02 15:33:11,50.9276,84.761,-2.96,94,41,3.13
472,Piacabucu,BR,2022-02-02 15:33:12,-10.4056,-36.4344,87.57,56,13,13.44
473,Goderich,CA,2022-02-02 15:33:12,43.7501,-81.7165,35.04,93,100,4.61
474,Puerto Escondido,MX,2022-02-02 15:33:12,15.85,-97.0667,77.83,83,0,6.91
475,Bayangol,RU,2022-02-02 15:33:13,50.6977,103.4656,-7.17,97,100,3.6
476,Klaksvik,FO,2022-02-02 15:33:13,62.2266,-6.589,38.32,72,100,19.66
477,Chiusi,IT,2022-02-02 15:33:13,43.016,11.9475,56.37,63,0,2.48
478,Negombo,LK,2022-02-02 15:33:14,7.2083,79.8358,80.65,78,0,5.75
479,Emerald,AU,2022-02-02 15:33:14,-23.5333,148.1667,77.14,100,75,9.22
480,Ocampo,MX,2022-02-02 15:33:14,21.65,-101.5,59.43,23,0,13.87
481,Zhigansk,RU,2022-02-02 15:33:15,66.7697,123.3711,-13.14,97,100,1.83
482,Qaqortoq,GL,2022-02-02 15:33:15,60.7167,-46.0333,5.5,65,3,4.5
483,Komsomolets,KZ,2022-02-02 15:33:15,53.7453,62.0708,20.23,95,97,7.7
484,Lincoln,US,2022-02-02 15:30:51,40.8,-96.667,13.17,58,40,4.0
485,Nalut,LY,2022-02-02 15:33:16,30.3333,10.85,53.49,34,3,15.43
486,Poso,ID,2022-02-02 15:33:16,-1.3959,120.7524,76.55,76,100,4.9
487,Namibe,AO,2022-02-02 15:33:17,-15.1961,12.1522,76.78,61,96,14.61
488,Barga,IT,2022-02-02 15:33:17,44.0742,10.4808,55.42,76,0,0.16
489,Bambanglipuro,ID,2022-02-02 15:33:18,-7.95,110.2833,65.61,83,89,1.88
490,Cabedelo,BR,2022-02-02 15:30:15,-6.9811,-34.8339,88.47,62,94,12.39
491,Kiruna,SE,2022-02-02 15:33:18,67.8557,20.2251,7.72,92,100,2.3
492,Olafsvik,IS,2022-02-02 15:33:19,64.8945,-23.7142,32.59,55,71,14.12
493,Anadyr,RU,2022-02-02 15:33:19,64.75,177.4833,2.41,69,0,11.68
494,Yeppoon,AU,2022-02-02 15:33:19,-23.1333,150.7333,80.38,82,100,3.78
495,Bad Freienwalde,DE,2022-02-02 15:33:20,52.7873,14.0304,43.56,69,85,11.99
496,Damietta,EG,2022-02-02 15:33:20,31.4165,31.8133,61.54,48,100,8.61
497,Camacha,PT,2022-02-02 15:33:20,33.0833,-16.3333,65.53,88,40,11.5
498,Kampene,CD,2022-02-02 15:33:21,-3.6,26.6667,72.23,93,99,1.79
499,Santa Rosalia,MX,2022-02-02 15:33:21,27.3167,-112.2833,58.77,63,95,7.72
500,Marystown,CA,2022-02-02 15:33:22,47.1666,-55.1483,25.86,100,15,1.01
501,Pokhara,NP,2022-02-02 15:33:22,28.2333,83.9833,51.96,75,96,0.36
502,Grajau,BR,2022-02-02 15:34:22,-5.8194,-46.1386,86.67,62,11,4.76
503,Alice Springs,AU,2022-02-02 15:31:24,-23.7,133.8833,65.75,94,100,6.91
504,Januaria,BR,2022-02-02 15:34:23,-15.4833,-44.3667,88.3,53,88,2.53
505,Santa Maria Del Oro,MX,2022-02-02 15:34:23,25.9333,-105.3667,55.69,21,3,4.85
506,Aksum,ET,2022-02-02 15:34:24,14.1245,38.7244,69.17,36,91,1.77
507,Korla,CN,2022-02-02 15:34:24,41.7597,86.1469,24.94,55,8,5.86
508,Kamyshevatskaya,RU,2022-02-02 15:34:24,46.4132,37.9563,43.83,93,100,17.34
509,Soloneshnoye,RU,2022-02-02 15:34:25,51.6544,84.3197,5.61,96,95,4.32
510,Tura,IN,2022-02-02 15:34:25,25.5198,90.2201,56.23,64,0,4.25
511,Pristina,XK,2022-02-02 15:34:25,42.6727,21.1669,34.97,60,75,2.3
512,Riberalta,BO,2022-02-02 15:34:26,-10.9833,-66.1,79.0,83,75,6.91
513,Marand,IR,2022-02-02 15:34:26,38.4329,45.7749,30.54,81,13,3.42
514,Gwadar,PK,2022-02-02 15:34:27,25.1216,62.3254,74.28,38,0,15.59
515,Changji,CN,2022-02-02 15:34:27,44.0167,87.3167,2.19,92,13,2.24
516,Aitape,PG,2022-02-02 15:34:27,-3.1374,142.3475,77.92,82,100,1.66
517,Ahipara,NZ,2022-02-02 15:34:28,-35.1667,173.1667,66.85,91,100,10.45
518,Canutama,BR,2022-02-02 15:34:28,-6.5339,-64.3831,82.26,85,100,0.96
519,Correntina,BR,2022-02-02 15:34:28,-13.3433,-44.6367,88.03,48,9,3.02
520,Spring Hill,US,2022-02-02 15:34:29,28.4769,-82.5255,73.69,52,5,3.0
521,Akyab,MM,2022-02-02 15:34:29,20.15,92.9,69.31,68,1,7.49
522,Storm Lake,US,2022-02-02 15:34:29,42.6411,-95.2097,3.15,71,0,19.57
523,Castrovillari,IT,2022-02-02 15:34:30,39.8203,16.2123,44.1,56,1,6.04
524,Terrace,CA,2022-02-02 15:33:45,54.5163,-128.6035,26.42,93,100,8.05
525,Atambua,ID,2022-02-02 15:34:30,-9.1061,124.8925,73.67,89,60,2.91
526,La Palma,US,2022-02-02 15:34:31,33.8464,-118.0467,58.1,28,0,6.42
527,Mama,RU,2022-02-02 15:34:31,58.3106,112.8986,-14.89,100,100,3.44
528,Qasigiannguit,GL,2022-02-02 15:34:31,68.8193,-51.1922,5.25,78,62,9.31
529,Lorut,AM,2022-02-02 15:34:32,40.9372,44.7714,22.6,82,88,8.57
530,Dongsheng,CN,2022-02-02 15:34:32,39.8161,109.9776,12.65,27,0,3.36
531,Codrington,AU,2022-02-02 15:34:32,-38.2667,141.9667,58.86,64,99,13.76
532,Kargala,RU,2022-02-02 15:34:33,56.6208,83.9607,23.95,97,100,3.49
533,Ola,RU,2022-02-02 15:34:33,59.5833,151.2833,6.08,81,96,11.05
534,Rongcheng,CN,2022-02-02 15:34:33,30.634,117.8517,35.87,100,100,3.02
535,Inhambane,MZ,2022-02-02 15:34:34,-23.865,35.3833,85.98,66,20,12.66
536,Jasper,US,2022-02-02 15:34:34,37.2001,-94.3502,24.28,84,100,5.99
537,Mananjary,MG,2022-02-02 15:34:34,-21.2167,48.3333,77.16,76,100,9.53
538,Mlonggo,ID,2022-02-02 15:34:35,-6.5333,110.7,78.69,84,72,6.69
539,Sayyan,YE,2022-02-02 15:34:35,15.1718,44.3244,57.9,41,36,12.08
540,Vigrestad,NO,2022-02-02 15:34:35,58.5667,5.7,39.0,81,96,12.19
541,Beruwala,LK,2022-02-02 15:34:36,6.4788,79.9828,77.95,75,7,1.86
542,Capim Grosso,BR,2022-02-02 15:34:36,-11.3811,-40.0128,88.59,40,9,8.1
543,Saint-Georges,GD,2022-02-02 15:33:16,12.0564,-61.7485,83.88,74,20,24.16
544,Hun,LY,2022-02-02 15:34:37,29.1268,15.9477,55.24,41,87,20.22
545,Chowchilla,US,2022-02-02 15:31:14,37.123,-120.2602,46.11,93,0,3.44
546,Kavaje,AL,2022-02-02 15:34:37,41.1856,19.5569,51.96,54,0,13.35
547,Drumnadrochit,GB,2022-02-02 15:34:38,57.3344,-4.4799,51.58,90,100,6.69
548,Brae,GB,2022-02-02 15:35:38,60.3964,-1.353,44.51,88,100,8.9
549,Maryborough,AU,2022-02-02 15:31:46,-25.5333,152.7,75.2,96,100,3.31
550,Ponta Do Sol,PT,2022-02-02 15:35:39,32.6667,-17.1,69.01,66,100,4.76
551,Gritsovskiy,RU,2022-02-02 15:35:39,54.1376,38.1604,12.65,96,77,6.71
552,Kargasok,RU,2022-02-02 15:35:39,59.0556,80.8572,12.63,95,91,7.81
553,Scottsboro,US,2022-02-02 15:35:40,34.6723,-86.0341,53.11,66,100,6.91
554,Nampula,MZ,2022-02-02 15:35:40,-15.1165,39.2666,87.75,51,40,6.91
555,Bayan,CN,2022-02-02 15:35:41,46.0833,127.4,-1.82,98,97,5.66
556,Manbij,SY,2022-02-02 15:35:41,36.5281,37.9549,47.17,62,93,10.8
557,Williamsburg,US,2022-02-02 15:32:50,37.2707,-76.7075,42.76,88,0,0.0
558,Koungou,YT,2022-02-02 15:35:41,-12.7336,45.2042,80.31,89,75,5.75
559,Praia,CV,2022-02-02 15:35:42,14.9215,-23.5087,86.54,37,12,21.85
560,Wolfsberg,AT,2022-02-02 15:35:42,46.8406,14.8442,45.91,82,41,5.68
561,Dhidhdhoo,MV,2022-02-02 15:34:30,6.8833,73.1,81.66,74,8,9.64
562,Santa Flavia,IT,2022-02-02 15:35:43,38.085,13.5351,57.25,60,1,15.99
563,Black Diamond,US,2022-02-02 15:35:43,47.3087,-122.0032,35.22,89,100,1.01
564,Nishio,JP,2022-02-02 15:35:44,34.8667,137.05,42.71,61,10,8.43
565,Lebedinyy,RU,2022-02-02 15:35:44,58.5167,125.5167,-16.26,99,100,2.73
566,Kulhudhuffushi,MV,2022-02-02 15:35:44,6.6221,73.07,81.7,75,5,8.63
567,Alta Floresta,BR,2022-02-02 15:35:45,-9.8756,-56.0861,85.82,70,75,2.3
